{
  "rulesDirectory": [
    "node_modules/codelyzer"
  ],
  "rules": {
    "class-name": true,
    "curly": false,
    "eofline": true,
    "max-line-length": [
      true,
      140
    ],
    "member-ordering": [
      true,
      "public-before-private",
      "variables-before-functions"
    ],
    "no-arg": true,
    "no-construct": true,
    "no-duplicate-variable": true,
    "no-empty": true,
    "no-eval": true,
    "no-trailing-whitespace": true,
    "no-unused-expression": true,
    "no-use-before-declare": true,
    "one-line": [
      true,
      "check-open-brace",
      "check-catch",
      "check-else",
      "check-whitespace"
    ],
    "quotemark": [
      true,
      "double"
    ],
    "semicolon": true,
    "trailing-comma": true,
    "triple-equals": true,
    "variable-name": false,
    "use-input-property-decorator": true,
    "use-output-property-decorator": true,
    "no-attribute-parameter-decorator": true,
    "no-input-rename": false,
    "no-output-rename": false
  }
}
